segment,segment_value,row_count,default_count,default_rate,exposure,avg_exposure,median_exposure,row_share_pct,default_rate_pct,default_lift_vs_portfolio,exposure_share_pct,exposure_weighted_default_proxy,low_sample_flag
tier_of_employment,G,256,75,0.2930,29419971.0000,163444.2833,95651.5000,0.1905,29.2969,3.2404,0.2002,8619132.1289,False
tier_of_employment,F,1252,305,0.2436,135447896.0000,140360.5140,81746.0000,0.9314,24.3610,2.6944,0.9215,32996492.2364,False
loan_category,Business,2236,434,0.1941,173506382.0000,136619.1984,62201.0000,1.6635,19.4097,2.1468,1.1804,33676999.0107,False
home,Other/None,88,16,0.1818,9352989.0000,107505.6207,65190.0000,0.0655,18.1818,2.0110,0.0636,1700543.4545,True
tier_of_employment,E,3712,669,0.1802,392339239.0000,134500.9390,75731.0000,2.7616,18.0226,1.9934,2.6692,70709846.6840,False
work_experience,2-3,1538,249,0.1619,164623095.0000,120162.8431,55098.0000,1.1442,16.1899,1.7907,1.1200,26652243.5988,False
amount_missing_flag,1,27638,4457,0.1613,0.0000,,,20.5614,16.1263,1.7836,0.0000,0.0000,False
work_experience,5-10,8132,1236,0.1520,936799126.0000,127577.1655,67151.0000,6.0498,15.1992,1.6811,6.3734,142386094.4092,False
has_broad_data_quality_issue,0,17890,2657,0.1485,2575490332.0000,143962.5675,89763.0000,13.3093,14.8519,1.6427,17.5221,382508541.7621,False
has_core_data_quality_issue,1,30435,4506,0.1481,23895480.0000,8543.2535,7294.0000,22.6422,14.8053,1.6375,0.1626,3537802.9532,False
employment_type,Self-Employed,9914,1451,0.1464,661358688.0000,130677.4724,68749.0000,7.3756,14.6359,1.6188,4.4995,96795587.6829,False
work_experience,1-2,1843,269,0.1460,217096596.0000,130859.9132,59926.0000,1.3711,14.5958,1.6143,1.4770,31686914.9886,False
tier_of_employment,D,8163,1163,0.1425,767992228.0000,120412.7043,61603.5000,6.0729,14.2472,1.5758,5.2250,109417488.8110,False
work_experience,<1,1443,203,0.1407,153151240.0000,118354.8995,54814.5000,1.0735,14.0679,1.5560,1.0420,21545184.8371,False
work_experience,10+,6486,895,0.1380,954183466.0000,160853.5850,124150.5000,4.8253,13.7990,1.5262,6.4917,131667314.5344,False
work_experience,3-5,1392,189,0.1358,158227144.0000,128744.6249,64613.0000,1.0356,13.5776,1.5017,1.0765,21483426.8793,False
loan_category,Other,8225,935,0.1137,650587568.0000,112073.6551,46868.0000,6.1190,11.3678,1.2573,4.4262,73957370.9520,False
loan_category,Medical,1379,150,0.1088,130687686.0000,124346.0381,58750.0000,1.0259,10.8774,1.2031,0.8891,14215484.3365,False
home,Rent,56442,5853,0.1037,2111629876.0000,48898.4317,32072.0000,41.9902,10.3699,1.1470,14.3663,218974693.7427,False
tier_of_employment,C,13932,1443,0.1036,1363151468.0000,123250.5848,62882.0000,10.3648,10.3575,1.1456,9.2741,141187738.1800,False
loan_category,Consolidation,80868,7637,0.0944,9009189646.0000,137126.1742,78084.0000,60.1620,9.4438,1.0445,61.2932,850808494.4169,False
dependents,2,26838,2515,0.0937,2934103629.0000,137197.4015,76351.5000,19.9662,9.3710,1.0365,19.9619,274956055.8512,False
is_verified,Source Verified,33630,3125,0.0929,3659234232.0000,136472.3915,75565.0000,25.0192,9.2923,1.0278,24.8953,340026969.2239,False
dependents,4,26831,2485,0.0926,2950167148.0000,138006.6028,78730.0000,19.9610,9.2617,1.0244,20.0712,273234891.0879,False
married,Unknown,45084,4122,0.0914,4945160700.0000,137967.2656,75590.0000,33.5404,9.1429,1.0112,33.6439,452132739.0072,False
is_verified,Unknown,33507,3057,0.0912,3734907051.0000,139994.2671,78946.0000,24.9277,9.1235,1.0091,25.4101,340753002.5042,False
social_profile,No,44912,4097,0.0912,4905472762.0000,137674.2938,77357.0000,33.4124,9.1223,1.0090,33.3739,447491136.1310,False
gender,Other,44850,4091,0.0912,4907790001.0000,138049.2813,77385.0000,33.3663,9.1215,1.0089,33.3897,447664858.2852,False
social_profile,Yes,44659,4059,0.0909,4897465153.0000,138069.5541,75986.0000,33.2242,9.0889,1.0053,33.3194,445124410.6681,False
gender,Female,44898,4059,0.0904,4897824415.0000,136887.2112,75941.5000,33.4020,9.0405,0.9999,33.3219,442787413.7041,False
married,No,44496,4009,0.0901,4900894269.0000,138447.2519,77189.0000,33.1030,9.0098,0.9965,33.3428,441560704.8818,False
dependents,1,26731,2407,0.0900,2877353648.0000,136090.1314,73939.0000,19.8866,9.0045,0.9959,19.5758,259092074.0240,False
dependents,0,26890,2420,0.0900,2980637684.0000,139379.8309,78289.0000,20.0049,8.9996,0.9954,20.2785,268246307.0019,False
married,Yes,44837,4022,0.0897,4852464919.0000,136546.8362,76872.0000,33.3566,8.9703,0.9921,33.0133,435279209.2294,False
employment_type,Salaried,44817,4019,0.0897,4913757818.0000,137605.5845,77357.0000,33.3418,8.9676,0.9918,33.4303,440645127.3075,False
is_verified,Not Verified,33722,3024,0.0897,3654402811.0000,136766.5723,75422.0000,25.0876,8.9674,0.9918,24.8624,327706366.7773,False
gender,Male,44669,4003,0.0896,4892905472.0000,138030.5087,76147.5000,33.2317,8.9615,0.9912,33.2884,438476361.7815,False
social_profile,Unknown,44846,3997,0.0891,4895581973.0000,137219.5525,76331.0000,33.3633,8.9127,0.9858,33.3066,436329687.0642,False
is_verified,Verified,33558,2947,0.0878,3649975794.0000,137387.5783,76603.0000,24.9656,8.7818,0.9713,24.8323,320533961.0501,False
home,Own,12397,1080,0.0871,1031294798.0000,100840.4027,39924.0000,9.2228,8.7118,0.9636,7.0163,89844186.6452,False
loan_category,Home,8503,735,0.0864,1104943930.0000,174888.2447,128046.0000,6.3258,8.6440,0.9561,7.5174,95511441.6735,False
dependents,3,27127,2326,0.0857,2956257779.0000,137577.1491,75328.5000,20.1812,8.5745,0.9484,20.1126,253483820.3249,False
employment_type,Unknown,79686,6683,0.0839,9123403382.0000,138214.5371,76655.0000,59.2827,8.3867,0.9276,62.0702,765149521.8973,False
tier_of_employment,Unknown,79686,6683,0.0839,9123403382.0000,138214.5371,76655.0000,59.2827,8.3867,0.9276,62.0702,765149521.8973,False
tier_of_employment,B,16890,1386,0.0821,1657254660.0000,136872.7007,76041.5000,12.5654,8.2060,0.9076,11.2750,135994964.9947,False
has_broad_data_quality_issue,1,116527,9496,0.0815,12123029556.0000,136383.9120,74291.0000,86.6907,8.1492,0.9013,82.4779,987928022.3792,False
work_experience,Unknown,113583,9112,0.0802,12114439221.0000,137739.2125,76445.5000,84.5005,8.0223,0.8873,82.4194,971859963.0381,False
home,Mortgage,65490,5204,0.0795,11546242225.0000,216704.6832,188163.0000,48.7215,7.9463,0.8789,78.5538,917493427.0713,False
loan_category,Car,1538,115,0.0748,100351576.0000,105080.1843,44520.0000,1.1442,7.4772,0.8270,0.6827,7503531.3654,False
has_core_data_quality_issue,0,103982,7647,0.0735,14674624408.0000,141126.5835,82025.5000,77.3578,7.3542,0.8134,99.8374,1079194984.2086,False
amount_missing_flag,0,106779,7696,0.0721,14698519888.0000,137653.6574,76549.0000,79.4386,7.2074,0.7972,100.0000,1059382547.6737,False
loan_category,Credit Card,31668,2147,0.0678,3529253100.0000,137431.9743,75065.0000,23.5595,6.7797,0.7499,24.0109,239273285.5153,False
tier_of_employment,A,10526,429,0.0408,1229511044.0000,171671.4666,130278.5000,7.8309,4.0756,0.4508,8.3649,50110225.9050,False
